id,name,host_id,host_name,neighbourhood_group,neighbourhood,latitude,longitude,room_type,price,minimum_nights,number_of_reviews,last_review,reviews_per_month,calculated_host_listings_count,availability_365,number_of_reviews_ltm,license
1489424,"Welcoming, easygoing, comfy bed, entire level",5294164,Efrat,,FOURTEENTH WARD,42.66719,-73.8158,Private room,50,1,250,2024-04-21,1.93,1,255,48,
2992450,Luxury 2 bedroom apartment,4621559,Kenneth,,THIRD WARD,42.65789,-73.7537,Entire home/apt,,28,9,2022-08-17,0.08,1,36,0,
3820211,Restored Precinct in Center Sq. w/Parking,19648678,Terra,,SIXTH WARD,42.65222,-73.76724,Entire home/apt,118,2,300,2024-04-28,2.53,4,361,15,
5651579,Large studio apt  by Capital Center & ESP@,29288920,Gregg,,SECOND WARD,42.64615,-73.75966,Entire home/apt,90,1,343,2024-04-21,3.13,2,15,28,
6623339,Center Sq. Loft in Converted Precinct w/ Parking,19648678,Terra,,SIXTH WARD,42.65222,-73.76724,Entire home/apt,120,2,314,2024-04-27,2.89,4,357,11,
8035768,Entire Beautiful French Victorian 1884,42430824,John M,,TENTH WARD,42.66088,-73.78147,Entire home/apt,,2,56,2024-01-28,0.53,2,334,4,
8035784,Delightful French Victorian,42430824,John M,,TENTH WARD,42.66063,-73.78115,Private room,199,3,18,2020-07-25,0.17,2,179,0,
9005989,"Studio in The heart of Center SQ, in Albany NY",17766924,Sugey,,SIXTH WARD,42.65559,-73.76506,Entire home/apt,88,1,587,2024-04-16,6.22,1,341,36,
9501054,Spacious suite with full bath by Capital  Center,29288920,Gregg,,SECOND WARD,42.64734,-73.75851,Private room,69,1,381,2024-05-02,3.79,2,61,40,
10768745,Alb hospital area studio bath wifi. (Red),5691268,Elizabeth,,FOURTEENTH WARD,42.66078,-73.80553,Entire home/apt,50,1,649,2024-04-25,6.46,2,135,110,
11253948,/Fire Place Bungalow\ 1917 SUNY Eagle 6Beds 2Baths,4259750,Peter,,FIFTEENTH WARD,42.67567,-73.82438,Entire home/apt,361,1,153,2024-04-27,1.58,9,353,31,
11639446,$55twin($30 foreign student)FreeBF Noa/c no smoke,61700428,Adam,,ELEVENTH WARD,42.67583,-73.78297,Private room,55,1,231,2024-02-29,2.39,2,364,13,
12284708,"Well Lit Modern Room, Perfect Location Albany",36438637,Chad,,TENTH WARD,42.65912,-73.78349,Private room,45,18,61,2019-10-26,0.63,4,186,0,
12799126,Private Room in the Hearth of the Albany,69729286,Musab,,SIXTH WARD,42.65154,-73.76867,Private room,50,5,28,2024-02-06,0.62,2,339,3,
13083497,Pristine Cape Cod on the Creek - 4 Large Bedrooms!,1364123,Akhilesh,,FIFTEENTH WARD,42.66972,-73.82753,Entire home/apt,219,2,176,2024-04-14,1.84,1,312,14,
14316232,"Unique Modern Room, Perfect Location Albany",36438637,Chad,,TENTH WARD,42.65726,-73.78219,Private room,45,18,48,2024-01-07,0.51,4,316,2,
14989805,/Miller Colonial\ 1946 SUNY Eagle Hill 5Bed 2Baths,4259750,Peter,,FIFTEENTH WARD,42.673512,-73.819679,Entire home/apt,260,1,86,2024-04-03,0.94,9,246,22,
15580397,Albany Med/Downtown Albany/Colleges/BLUE ROOM.,89705052,Share,,NINTH WARD,42.65651,-73.77887,Private room,,2,40,2024-03-08,0.47,3,0,8,
16531782,On a little park in Albany pine hills. (Blue),5691268,Elizabeth,,FOURTEENTH WARD,42.66075,-73.80605,Entire home/apt,70,1,381,2024-05-01,7.94,2,294,131,
17238066,"$53($25 foreign student)Twin, noa/cno
Smoke freeBF",61700428,Adam,,FIFTH WARD,42.67614,-73.78169,Private room,53,3,131,2024-03-26,1.53,2,364,3,
17514620,Cozy Modern Room Perfect Location Albany,36438637,Chad,,TENTH WARD,42.6584,-73.78309,Private room,45,18,54,2024-04-07,0.62,4,338,7,
18341426,/Sauna Ranch 1961\ SUNY Eagle Hill 4Beds 1Bath,4259750,Peter,,FIFTEENTH WARD,42.67637,-73.82395,Entire home/apt,306,1,57,2022-06-26,0.76,9,365,0,
19527043,Charming 1 Bedroom in a Historic Residential Home,15223767,Ed,,NINTH WARD,42.65312,-73.78161,Private room,70,1,71,2023-10-22,1.05,3,262,12,
19571496,Modern Studio Perfect Location Albany,36438637,Chad,,TENTH WARD,42.6585,-73.78414,Private room,50,18,27,2024-02-17,0.38,4,277,3,
20519885,All The Comforts Of Home In Albany!,67171774,Michael And Flerida,,FOURTEENTH WARD,42.65846,-73.80201,Entire home/apt,275,4,96,2024-04-24,1.21,1,318,21,
20620135,/Red Warhol Ranch\ 1959 SUNY Eagle Hill 4beds1Bath,4259750,Peter,,FIFTEENTH WARD,42.675,-73.82382,Entire home/apt,209,4,55,2022-12-31,0.69,9,310,0,
20633175,"Garden Apartment, on the Park, close to Capital.",65414985,James,,SEVENTH WARD,42.64939,-73.76865,Entire home/apt,126,2,130,2023-05-28,1.75,2,297,1,
20671966,The Metropolitan,98744672,Bela,,NINTH WARD,42.65532,-73.78244,Entire home/apt,75,2,39,2023-06-01,0.48,8,252,1,
21052414,Cozy bedroom with (2) walk-in closets,135717458,Chad,,THIRTEENTH WARD,42.66565,-73.77975,Private room,40,18,40,2023-12-08,0.56,3,321,5,
21392315,The Blair Suite,98744672,Bela,,NINTH WARD,42.65372,-73.78244,Entire home/apt,70,2,113,2024-03-10,1.44,8,303,15,
21449583,/zBig Blue Ranch\ 1962 SUNY Eagle Hill 4Beds 2Bath,4259750,Peter,,FIFTEENTH WARD,42.67547,-73.82402,Entire home/apt,570,4,8,2018-07-27,0.10,9,364,0,
21752534,"NEW LISTING! Modern, completely updated, LOCATION!",152762198,Allen,,TENTH WARD,42.66045,-73.77833,Entire home/apt,75,3,163,2024-04-21,2.08,9,356,15,
21769213,Cozy downstairs bedroom in quiet neighborhood!,135717458,Chad,,ELEVENTH WARD,42.66572,-73.77834,Private room,35,18,24,2024-03-01,0.31,3,267,5,
21769439,Cozy upstairs room with (1) walk-in closet,135717458,Chad,,ELEVENTH WARD,42.66703,-73.77842,Private room,35,18,22,2024-02-11,0.28,3,271,2,
22398196,Elegant Guest Suite in our beautiful Victorian!,98744672,Bela,,NINTH WARD,42.65501,-73.78122,Private room,55,2,105,2024-01-11,1.37,8,349,13,
22431640,"Bright Central Apartment Near Hospital, Park and",108848737,Jake,,SEVENTH WARD,42.64717,-73.77135,Entire home/apt,75,1,441,2024-04-22,6.01,2,21,27,
24120690,One Bedroom apartment with private entrance,156446839,Domini,,FOURTEENTH WARD,42.65975,-73.81196,Private room,75,2,121,2024-02-02,1.64,1,238,20,
24606880,The Western Suite,98744672,Bela,,NINTH WARD,42.65431,-73.78178,Private room,55,2,40,2024-03-08,0.59,8,302,2,
24655782,⭐⭐Check it out! This apartmnt has a bunch of great,108848737,Jake,,SEVENTH WARD,42.6477,-73.7714,Entire home/apt,79,1,361,2024-04-29,4.93,2,138,37,
25549565,Quiet and Pretty in the Heart of Center Square,9666970,Janet,,SIXTH WARD,42.65345,-73.7645,Entire home/apt,91,1,795,2024-04-21,11.05,1,111,124,
25976514,City Feel - Green Room,31757246,Leiba,,SIXTH WARD,42.65333,-73.77293,Private room,100,3,12,2023-07-27,0.17,1,358,1,
26139592,Garden Apartment in Ctr. Square: Monthly Discounts,6833937,Farah,,SIXTH WARD,42.65403,-73.76325,Entire home/apt,89,2,112,2024-04-02,1.60,1,297,15,
27670660,The Rock & Roll Suite,98744672,Bela,,NINTH WARD,42.6543083190918,-73.78177642822266,Private room,55,2,23,2024-04-02,0.36,8,271,14,
27692601,Albany Cozy home with fireplaces and Sunroom,202580880,Rosanne,,EIGHTH WARD,42.64514,-73.80668,Entire home/apt,,3,14,2022-10-08,0.21,1,172,0,
28341274,Private room in historic building on the park,54394342,Alice,,SIXTH WARD,42.65821,-73.76917,Private room,75,1,62,2024-02-28,0.91,1,340,20,
28400263,Private Room in Historic Residential Home,15223767,Ed,,NINTH WARD,42.65464,-73.78348,Private room,50,1,246,2024-04-08,3.70,3,256,25,
28519423,Albany Med/Downtown Albany/Colleges/RED ROOM.,89705052,Share,,TENTH WARD,42.65746,-73.77904,Private room,,2,63,2024-04-26,0.93,3,1,18,
28722270,✍Historic Loft Suite @ Downtown Albany,44434571,Earl,,SECOND WARD,42.64535,-73.75365,Entire home/apt,98,1,629,2024-04-28,9.48,7,346,48,
28868857,⭐Cozy Garden Suite Full Amenities @Downtown Albany,44434571,Earl,,SECOND WARD,42.64535,-73.75365,Entire home/apt,60,1,555,2024-04-22,8.45,7,302,84,
28929840,"Spacious
private suite and private bath",194113768,Rachel,,FOURTH WARD,42.6737,-73.75313,Private room,95,1,6,2023-05-27,0.09,1,178,1,
29605579,Funky Urban 1 Bedroom Apt w/ Parking in Center Sq,19648678,Terra,,SIXTH WARD,42.65235,-73.76714,Entire home/apt,117,2,90,2024-04-01,1.34,4,284,9,
30189794,Seashore Suite At The Inn on South Lake,98744672,Bela,,NINTH WARD,42.6533,-73.78114,Private room,55,2,64,2023-12-30,1.00,8,20,10,
32279028,"Cosy, comfy and quiet for one",172223381,Diana,,EIGHTH WARD,42.64936,-73.80278,Private room,49,1,199,2024-04-08,3.14,2,6,37,
32450400,Moroccan Sands,97330032,Sherrell,,FOURTH WARD,42.6761,-73.73825,Private room,122,3,0,,,1,180,0,
32993402,✨Historic Full Amenities 2BR Apt @Downtown Albany,44434571,Earl,,SECOND WARD,42.64563,-73.75311,Entire home/apt,113,1,405,2024-04-14,6.48,7,243,29,
33558235,"❣️Historic, Spacious & Fun 2BR Apt @Dwtown Albany",44434571,Earl,,SECOND WARD,42.64585,-73.75297,Entire home/apt,124,1,406,2024-04-22,6.61,7,347,46,
34330970,Muhammed Ali Lounge & Pool Hall ⬢⬡,232967878,Diana,,SECOND WARD,42.64335,-73.7579,Entire home/apt,140,1,266,2024-04-21,4.45,22,75,67,
35793179,Cozy Bedroom in Historic Residential Home,15223767,Ed,,SEVENTH WARD,42.65259,-73.78223,Private room,50,1,153,2024-04-12,2.60,3,240,43,
35914565,The Poker Room ♤ Downtown Albany,232967878,Diana,,SECOND WARD,42.64506,-73.75727,Entire home/apt,100,1,270,2024-04-21,4.58,22,73,52,
36443605,Sophisticated Retreat: 2BR in heart of Albany,188679144,Elizabeth,,THIRTEENTH WARD,42.66619,-73.79031,Entire home/apt,,2,52,2024-02-29,0.89,8,303,5,
38321579,Comfy and quiet,172223381,Diana,,EIGHTH WARD,42.65085,-73.80239,Private room,57,1,311,2024-05-05,5.49,2,121,103,
39093517,Secure 5-Star Oasis with Purified Air & Parking,299638115,Dominick And Flerida,,SIXTH WARD,42.65507,-73.76138,Entire home/apt,151,4,39,2024-04-20,0.73,3,340,4,
39698576,Spacious Designer 1-Bed Near Albany Med,188679144,Elizabeth,,NINTH WARD,42.65483,-73.78033,Entire home/apt,,5,23,2023-09-22,0.42,8,339,1,
39836487,Completely Renovated Center Square Top FL Studio,306508346,Adem,,SIXTH WARD,42.65547,-73.7651,Entire home/apt,78,1,258,2024-05-04,4.71,2,55,71,
39873571,Lovely 2 bedroom apartment in downtown Albany.,306508346,Adem,,THIRD WARD,42.65682,-73.76298,Entire home/apt,78,1,139,2023-08-30,6.06,2,202,33,
40491172,"Renovated, private parking,location, washer dryer!",152762198,Allen,,THIRTEENTH WARD,42.66827,-73.79231,Entire home/apt,98,3,106,2024-04-28,1.97,9,336,20,
40828178,Comfortable! One Bedroom A/C Apartment Queen Bed,47491906,Lloyd,,FOURTH WARD,42.67773,-73.73899,Entire home/apt,113,1,166,2023-08-07,3.16,1,282,4,
40897436,Historic Home Away from Home,50283047,Ellen,,SIXTH WARD,42.65592,-73.76259,Entire home/apt,100,7,26,2023-11-27,0.49,1,143,4,
41319631,Modern Carriage in the Heart of Albany,59864591,Daniel,,SIXTH WARD,42.65115,-73.7668,Entire home/apt,92,30,4,2023-01-06,0.11,1,93,0,
42009788,Center Square Sanctuary: Private 2-Bedroom Gem,188679144,Elizabeth,,SIXTH WARD,42.65315,-73.76202,Entire home/apt,,7,22,2023-12-30,0.43,8,302,6,
42092736,Private Bedroom in Cozy Ranch Home,41400541,John,,FOURTEENTH WARD,42.66403,-73.81446,Private room,45,1,153,2024-05-02,2.98,1,160,55,
42391372,Central Albany Apartment: Walk to State Capitol!,121680792,Evolve,,SECOND WARD,42.6469,-73.75761,Entire home/apt,,3,27,2022-10-27,0.57,4,356,0,
42567833,Homey,339085327,Arkady,,NINTH WARD,42.65567,-73.7854,Entire home/apt,,70,0,,,1,365,0,
42763847,Charming dog friendly home with private yard!,649068,Anthony,,FIRST WARD,42.63876,-73.78535,Entire home/apt,147,1,94,2024-04-10,1.91,1,17,21,
43208391,Historic Downtown Albany Apartment,272907816,Angela,,SECOND WARD,42.64453,-73.75426,Entire home/apt,120,2,85,2024-04-22,1.93,4,73,18,
43459803,Luxury & Safety in Center Square + Parking,299638115,Dominick And Flerida,,SIXTH WARD,42.65556,-73.76205,Entire home/apt,175,4,16,2024-04-02,0.41,3,330,5,
43736299,*The Blue House* Incredible 3 Bedroom Apartment,349460842,Scott,,TENTH WARD,42.66257,-73.78281,Entire home/apt,158,1,113,2024-04-08,2.42,5,358,25,
43955950,* Quaint home located in residential neighborhood*,232967878,Diana,,EIGHTH WARD,42.64383,-73.78926,Entire home/apt,245,2,73,2024-04-21,1.56,22,69,24,
44180048,Historic Queen Studio Across from Washington Park!,355777684,Lloyd,,SIXTH WARD,42.65935,-73.76805,Entire home/apt,124,1,332,2024-04-09,7.17,3,322,59,
44265426,Parkside Queen 1 Bedroom (1800's) Brownstone!,355777684,Lloyd,,SIXTH WARD,42.66006,-73.76966,Entire home/apt,132,1,291,2024-04-28,6.35,3,244,51,
44450012,Spacious upscale luxury apartment with huge yard,353498132,Michael,,EIGHTH WARD,42.64808,-73.7996,Entire home/apt,135,13,23,2024-03-16,0.51,5,277,3,
45024912,Private Apt Queen 1 Bed Sanctuary with many Extras,362851072,Elsa,,FOURTEENTH WARD,42.66132,-73.7956,Entire home/apt,136,1,123,2024-04-13,2.73,1,364,21,
45074220,"Historic Albany, Loft Apartment",272907816,Angela,,SECOND WARD,42.64454,-73.75369,Entire home/apt,97,2,30,2024-02-28,0.93,4,26,5,
45313545,Adorable & Trendy 1 Bd Apt Minutes to Albany Med!,165293595,Kori,,NINTH WARD,42.6545,-73.78223,Entire home/apt,82,2,116,2024-04-21,2.68,1,126,41,
45528939,UNIQUE Gem in HEART of Albany ★ Spiral Staircase,47625981,Linda,,SECOND WARD,42.64801,-73.75668,Entire home/apt,120,1,89,2024-04-21,2.23,15,342,24,
45529316,WOW ★ Bright Apt ★ PRIME downtown Walk Everywhere,47625981,Linda,,SECOND WARD,42.64821,-73.75793,Entire home/apt,120,1,101,2024-04-16,2.53,15,330,23,
45529447,★ 2 BEDROOM / 1 BATH TRENDY Apt ★ Downtown Albany,47625981,Linda,,SECOND WARD,42.64713,-73.75628,Entire home/apt,140,1,123,2024-04-21,3.10,15,341,21,
45804322,Home in Heart of Pine Hills,124848440,Emilie,,TENTH WARD,42.66137,-73.7904,Private room,100,1,146,2024-05-04,3.38,1,81,57,
46894493,Our Antique Bungalow,69789449,Dan,,NINTH WARD,42.65311,-73.78525,Entire home/apt,190,1,211,2024-05-01,5.34,1,264,57,
47334913,"Newly renovated,Amazing Location,private parking",152762198,Allen,,THIRTEENTH WARD,42.66646,-73.79184,Entire home/apt,94,3,64,2024-04-11,1.61,9,151,19,
47345872,Bright large 1 bdr loft in Center Sq -free parking,19648678,Terra,,SIXTH WARD,42.65345,-73.76663,Entire home/apt,126,1,49,2024-05-04,1.24,4,305,19,
47408047,"Quiet cozy apartment, private laundry, great spot!",152762198,Allen,,FOURTEENTH WARD,42.67156,-73.80883,Entire home/apt,84,3,50,2024-04-15,1.28,9,330,19,
47440071,Lux Loft Suite in Historic Jesse Buel House,382970529,Thomas,,THIRTEENTH WARD,42.6692,-73.79849,Private room,140,1,120,2024-05-04,2.99,11,58,37,
47828453,"Secure, Safe & Sanitized 2Bd Work, Relax in Albany",299638115,Dominick And Flerida,,THIRD WARD,42.656,-73.76123,Entire home/apt,,4,18,2024-04-02,0.46,3,365,3,
47902629,"Renovated 2br/2ba, close to Alb Med & St. Petes.",21886921,David,,THIRTEENTH WARD,42.66744,-73.79216,Entire home/apt,125,14,7,2024-01-01,0.19,2,320,1,
47943571,Downtown Albany 1 Bed + Workstation @ Maiden Lane,385664127,Dillon,,THIRD WARD,42.6511808672392,-73.75273894471623,Entire home/apt,100,1,137,2024-04-21,3.49,2,330,41,
48052353,*The Rustic Home* 3 Bedroom Second Floor Apartment,349460842,Scott,,TENTH WARD,42.66261,-73.78332,Entire home/apt,176,1,146,2024-02-25,3.72,5,339,32,
48124042,Downtown Albany 2 Bedroom + Workstation @ The Mark,385664127,Dillon,,THIRD WARD,42.64981845378106,-73.75090228127745,Entire home/apt,115,1,185,2024-04-22,5.53,2,233,48,
48172884,The Down Under Suite,98744672,Bela,,NINTH WARD,42.65399,-73.78126,Private room,45,2,56,2024-04-26,1.45,8,333,26,
48470454,"/ New Giant Victorian \ 7beds 6 baths + 2x 85"" TVs",4259750,Peter,,THIRTEENTH WARD,42.66526412963867,-73.78692626953125,Entire home/apt,,2,30,2023-12-03,1.37,9,321,19,
49886937,VACATION TIME,219746338,Nicola,,FOURTH WARD,42.65854,-73.74926,Shared room,45,1,0,,,1,358,0,
50171851,Beautiful Center Square Garden-Level Unit,48490017,Todd,,SIXTH WARD,42.65157,-73.76546,Entire home/apt,129,2,150,2024-04-10,4.52,1,190,56,
50207226,★ RARE 1BR Apt with Character GREAT Location! W/D★,47625981,Linda,,FOURTH WARD,42.65888,-73.74673,Entire home/apt,115,1,73,2024-04-16,2.06,15,76,15,
50211226,Quiet Studio By Washington Park | Walkable!,105597161,Jake & Kate,,ELEVENTH WARD,42.66034,-73.77163,Entire home/apt,110,2,154,2024-04-16,5.38,1,284,61,
50354540,Heart of Center Square: Designer 2-Bed Retreat,188679144,Elizabeth,,SIXTH WARD,42.65333,-73.76402,Entire home/apt,,3,9,2023-08-13,0.26,8,365,3,
50639032,"Sunny Queen bed, Quiet w/Beautiful Garden",172539578,David Yisrael,,FIFTEENTH WARD,42.67945,-73.81647,Private room,65,3,37,2024-03-31,1.16,2,83,5,
50890336,"★CHIC, Renovated Brownstone★ in PRIME DT Albany",47625981,Linda,,FOURTH WARD,42.65901,-73.74748,Entire home/apt,120,1,39,2023-10-08,1.16,15,353,6,
51230498,"Chic-romantic, center-city, hotel-style apartment.",414738935,Sonya,,THIRD WARD,42.66064,-73.76074,Entire home/apt,71,1,217,2024-04-16,6.40,1,66,55,
51461480,🍃Chic & Cozy Near Washington Park Garden Suite,416799784,Rosie,,TENTH WARD,42.65969,-73.77564,Entire home/apt,93,7,21,2023-03-31,0.68,1,88,0,
51503537,Walk to Everything Downtown Albany! Luxury Apt!,394420519,All Seasons,,THIRD WARD,42.65061,-73.75006,Entire home/apt,105,4,8,2024-04-02,0.25,1,56,1,
51560588,Steps 2 Capital,392074908,Jerry,,SIXTH WARD,42.65431,-73.75997,Entire home/apt,,365,42,2023-09-10,1.27,4,364,5,
51579900,★MODERN 1BR GREAT Location Downtown! W/D Parking!★,47625981,Linda,,FOURTH WARD,42.65856,-73.74866,Entire home/apt,115,1,67,2024-04-16,2.02,15,357,21,
51592836,Lovely 1 Bedroom Unit In Historic Brownstone!,60293220,David,,THIRD WARD,42.6584355273384,-73.74977588812482,Entire home/apt,90,3,75,2024-04-29,2.39,3,339,27,
51710034,Empire Plaza View I,392074908,Jerry,,SIXTH WARD,42.65269,-73.76076,Entire home/apt,88,2,34,2024-04-03,1.04,4,278,9,
51960331,"Tuscan Garden Apt at Café Capriccio Albany, NY",418024477,Marlene,,SECOND WARD,42.64684,-73.75614,Entire home/apt,125,1,83,2024-04-16,2.59,2,168,13,
52152157,"Modern space, everything you could want!",152762198,Allen,,FIRST WARD,42.63066,-73.77357,Entire home/apt,100,3,53,2024-05-06,1.67,9,146,14,
52225409,3 bedroom single family home w/ off street parking,207800855,Iris,,TWELFTH WARD,42.68553,-73.79716,Entire home/apt,137,3,43,2024-02-19,1.41,3,80,29,
52241973,Garden Apartment in Historic Center Square Home,35465673,Jason,,SIXTH WARD,42.65641,-73.76413,Entire home/apt,87,1,223,2024-04-21,7.17,1,54,85,
52301345,Washington Park Brownstone-Large Luxury Bedroom 1,49100926,Clyde,,SIXTH WARD,42.65934,-73.76966,Private room,100,2,4,2022-08-16,0.15,4,338,0,
52359404,3 bedroom quiet neighborhood w/ off street parking,207800855,Iris,,FIFTEENTH WARD,42.67044,-73.82573,Entire home/apt,126,1,85,2024-04-16,2.71,3,354,38,
52360097,Empire Plaza View II,392074908,Jerry,,SIXTH WARD,42.65386,-73.75958,Entire home/apt,88,2,69,2024-03-31,2.17,4,327,11,
52611613,* Adorable home w/parking near great restaurants *,232967878,Diana,,NINTH WARD,42.65674,-73.79221,Entire home/apt,185,2,106,2024-04-20,3.40,22,66,39,
52619545,* Centrally located Eclectic vibe 2 bed w/parking,232967878,Diana,,THIRTEENTH WARD,42.67181,-73.79543,Entire home/apt,125,2,72,2024-04-13,2.30,22,75,24,
52691284,+ Perfect place to make memories with loved ones +,232967878,Diana,,TENTH WARD,42.66236,-73.79245,Entire home/apt,600,2,65,2024-04-21,2.09,22,79,22,
52836323,*Hidden gem w/in walking distance to Madison Ave *,232967878,Diana,,THIRTEENTH WARD,42.67131,-73.7921,Entire home/apt,145,1,65,2024-04-21,2.26,22,85,37,
52837196,★MODERN 1BR Apt w/ PRIVATE deck! W/D★,47625981,Linda,,FOURTH WARD,42.65812,-73.74837,Entire home/apt,115,1,63,2024-04-07,2.04,15,268,21,
52863776,Washington Parkside 1 Bedroom In 1800s Brownstone!,355777684,Lloyd,,SIXTH WARD,42.65826,-73.76944,Entire home/apt,132,1,158,2024-04-21,5.14,3,329,61,
52923647,Cozy 3BR House in Whitehall near DT Albany,428451585,Erwin,,EIGHTH WARD,42.64792,-73.79953,Entire home/apt,,3,0,,,1,365,0,
53115382,Cozy 1-bdrm apt with off street parking,207800855,Iris,,FIFTEENTH WARD,42.67004,-73.82367,Entire home/apt,88,2,27,2023-05-24,0.90,3,3,1,
53312101,* 1 bed near Times Union center & Egg w/parking *,232967878,Diana,,SECOND WARD,42.64369,-73.7581,Entire home/apt,95,2,48,2024-04-13,1.60,22,86,27,
53483727,Spacious Urban APT w/4BR & Office in Albany,433096110,Brian,,FOURTEENTH WARD,42.65824,-73.80114,Entire home/apt,181,1,116,2024-05-04,4.07,3,247,45,
53567589,Private Garden Apt in Downtown Albany|Pets Allowed,433096110,Brian,,SIXTH WARD,42.65204,-73.76655,Entire home/apt,99,1,198,2024-05-04,6.78,3,325,76,
53645427,★ BEAUTIFUL  2 BED 2 BATH  w/ SOAKER TUB + W/D★,47625981,Linda,,FOURTH WARD,42.65913,-73.74722,Entire home/apt,150,1,84,2024-04-14,2.87,15,338,35,
53860077,/ Gorgeous Garden Getaway\ 1943 SUNY Eagle Hill,4259750,Peter,,FIFTEENTH WARD,42.674675,-73.822861,Entire home/apt,532,1,21,2024-04-17,0.81,9,332,9,
53939991,Walk to Albany Med/New Scotland’s Restaurant Row,30883612,Mary,,NINTH WARD,42.65302,-73.7875,Entire home/apt,125,30,1,2022-03-06,0.04,2,324,0,
53971505,Charming 1 Bdrm Garden Apt in Historic Brownstone,60293220,David,,FOURTH WARD,42.65873,-73.7494,Entire home/apt,,13,3,2022-12-31,0.11,3,365,0,
54097694,B Unieke,438504176,Roland,,SECOND WARD,42.64683,-73.75662,Entire home/apt,,1,0,,,1,365,0,
54105517,Tuscan Studio Apartment at Café Capriccio,418024477,Marlene,,SECOND WARD,42.6464,-73.75684,Entire home/apt,125,1,40,2023-08-20,1.47,2,267,7,
54126420,Beautiful 1 bedroom in a quiet residential area.,37769478,Erion,,TENTH WARD,42.66261,-73.79026,Entire home/apt,70,1,74,2024-04-12,3.19,9,352,22,
54126421,Beautiful Apartment in the heart of Albany,37769478,Erion,,SIXTH WARD,42.65422,-73.76996,Entire home/apt,100,1,60,2024-04-02,2.33,9,253,27,
54126427,Beautiful 1 bedroom In the heart of Albany,37769478,Erion,,SIXTH WARD,42.65403,-73.77056,Entire home/apt,100,1,102,2024-04-08,3.60,9,214,5,
54128829,Modern & Cozy Cntr Square Townhouse Gem from 1854,265709295,Richard & Priscela,,SIXTH WARD,42.65594,-73.76591,Entire home/apt,189,1,197,2024-04-27,7.32,2,314,75,
54150131,Charming 170-Year-Old Home in the Heart of Albany,432936385,Jared,,SIXTH WARD,42.65110902109251,-73.76590240784735,Entire home/apt,145,1,134,2024-05-05,5.16,1,275,73,
54232383,Lovely 2 bedroom unit with indoor fireplace.,272907816,Angela,,SECOND WARD,42.64459,-73.75392,Entire home/apt,125,2,5,2022-11-06,0.25,4,3,0,
54369238,"Cozy townhouse, close to hospital, free parking!",152762198,Allen,,NINTH WARD,42.65578,-73.78641,Entire home/apt,99,3,31,2023-12-25,1.58,9,94,23,
54369240,Lovely 1 bedroom rental close to Alb Med!,152762198,Allen,,TENTH WARD,42.65905,-73.77964,Entire home/apt,84,3,41,2024-04-09,1.73,9,353,25,
552126406812197546,Washington Park Brownstone-Large Luxury Bedroom 2,49100926,Clyde,,SIXTH WARD,42.65902,-73.7701,Private room,110,2,4,2023-01-20,0.15,4,309,0,
553840513283735966,Washington Park Brownstone-Large Private Lux Rm 3,49100926,Clyde,,SIXTH WARD,42.6595,-73.76938,Private room,100,2,4,2023-07-02,0.15,4,309,2,
554082470790988493,Washington Park Brownstone- Large Luxury Bedroom 4,49100926,Clyde,,SIXTH WARD,42.6598,-73.76995,Private room,100,2,6,2022-10-02,0.22,4,310,0,
559249822516788574,Cozy 1 bedroom with office and luxurious King size,433884293,Uniah,,NINTH WARD,42.66062,-73.79112,Entire home/apt,,6,2,2023-06-26,0.11,1,363,1,
563711706943869398,/Purple Potty Penthouse\ 1928 Pine Hill 4Bed 1Bath,4259750,Peter,,THIRTEENTH WARD,42.66919,-73.78672,Entire home/apt,266,2,6,2022-12-24,0.22,9,365,0,
565171585673492875,Lovely 1 bed apartment close to MVP Arena,232967878,Diana,,SECOND WARD,42.64342,-73.75742,Entire home/apt,120,1,74,2024-04-16,2.75,22,82,28,
581057744765912905,◆UNIQUE◆ spacious LOFT with photo studio w/d!,47625981,Linda,,THIRD WARD,42.65848,-73.76359,Entire home/apt,115,1,39,2024-02-18,1.50,15,208,11,
588298411730694861,Modern one bedroom with free off street parking,353498132,Michael,,SECOND WARD,42.64441,-73.75647,Entire home/apt,98,13,10,2024-01-10,0.44,5,265,3,
593272120497643087,Lux Suite at the Historic Jesse Buel House.,382970529,Thomas,,THIRTEENTH WARD,42.66911,-73.79869,Private room,131,1,96,2024-05-05,4.29,11,58,57,
594826539132503237,Oversized studio with free parking & Netflix,232967878,Diana,,SECOND WARD,42.64252,-73.75688,Entire home/apt,119,1,78,2024-04-16,3.05,22,84,37,
610090811367811938,Cozy rental near hospitals! Off street parking,40548251,Reyana,,NINTH WARD,42.652049,-73.7949665,Entire home/apt,111,2,39,2024-04-21,2.16,1,325,25,
617242073954595468,Iconic City Center Apt in Downtown | Pets Allowed,433096110,Brian,,SIXTH WARD,42.65353,-73.7679,Entire home/apt,113,1,125,2024-05-04,5.14,3,196,58,
618673322156725003,"Huge loft with a king bed, balcony and park views",2554853,Nim,,SIXTH WARD,42.655479431152344,-73.76625061035156,Entire home/apt,135,5,6,2024-01-18,0.33,1,206,4,
619695112394148331,Modern luxury one bedroom with off street parking,353498132,Michael,,SECOND WARD,42.64489,-73.75731,Entire home/apt,111,13,7,2024-03-12,0.32,5,275,4,
620480926228934988,"Lovely renovated, 2-bedroom home with free parking",457678547,Najeem Adegbemiga,,SEVENTH WARD,42.640217,-73.780815,Entire home/apt,,3,15,2024-04-12,0.72,1,359,9,
621960198566758900,One-of-a-Kind Luxe Urban Farmhouse w/ Heated Pool,382970529,Thomas,,FOURTEENTH WARD,42.66762,-73.79919,Entire home/apt,1379,1,7,2023-12-28,0.32,11,329,2,
623102454293479631,Walk everywhere! Stylish apartment for up to 5,1176120,Julia,,THIRD WARD,42.65723,-73.75684,Entire home/apt,119,1,131,2024-04-16,5.43,3,76,54,
625346918039601608,Charming Garden Apartment in Center Square,12742779,Kathryn,,SIXTH WARD,42.65347,-73.7662,Entire home/apt,105,1,200,2024-04-29,8.58,1,302,122,
628163387057233327,★SPACIOUS 1BR Apt w/ Character 10ft Ceilings W/D!★,47625981,Linda,,SECOND WARD,42.64528,-73.75861,Entire home/apt,120,1,40,2024-04-08,1.71,15,352,19,
628824127129967353,Clean lines and accessible Convenient Location!,7164949,Jordan,,THIRD WARD,42.66169974831227,-73.76466827605744,Private room,68,2,0,,,1,88,0,
631035244220396236,★PRIVATE 1 BDRM Newly Renovated Apt W/D Patio★,47625981,Linda,,SECOND WARD,42.64558,-73.75928,Entire home/apt,100,1,42,2024-04-08,1.78,15,155,17,
631778545710518995,Lovely 3-bedroom apartment with indoor fireplace.,272907816,Angela,,SECOND WARD,42.645252,-73.753433,Entire home/apt,,2,15,2024-04-16,1.02,4,83,11,
634108143238179968,Perfect for Families and Traveling Professionals,119340359,Lori,,SIXTH WARD,42.65323,-73.76797,Entire home/apt,169,1,93,2024-04-29,3.97,2,104,44,
636902252641496970,Cozy Private Room in a Residential House in Albany,376794541,Neha,,ELEVENTH WARD,42.6635364,-73.77782359999999,Private room,47,10,21,2023-08-16,0.96,3,154,6,
637104152785938471,Walk everywhere! Stylish downtown Albany 2BR,1176120,Julia,,THIRD WARD,42.65802,-73.756165,Entire home/apt,122,1,131,2024-04-06,5.59,3,83,58,
642909221333428607,Charming City Retreat | Walk to Dining + Park,462767507,Joshua,,SIXTH WARD,42.65427,-73.76455,Entire home/apt,90,3,28,2024-04-02,1.30,4,354,22,
646570081594519710,Peaceful 2 bedroom condo in the heart of Albany,172658781,Jessica,,THIRTEENTH WARD,42.66897,-73.79653,Entire home/apt,100,30,0,,,1,117,0,
649973892551492641,Modern luxury studio with free off street parking,353498132,Michael,,SECOND WARD,42.64625,-73.75663,Entire home/apt,90,14,5,2023-08-05,0.24,5,278,2,
653433851241162365,Lovely apartment in heart of Albany,1761578,Grant,,SIXTH WARD,42.65389,-73.76538,Entire home/apt,130,2,3,2024-04-02,0.22,3,56,2,
654302747324294105,★ Private 1 bdrm w/ backyard access ★ In-unit W/D,47625981,Linda,,FOURTH WARD,42.65752,-73.74743,Entire home/apt,115,1,40,2024-04-01,1.82,15,191,17,
657130517248738038,Lovely Garden Apt. in Historic Brownstone,166246610,Shawn,,THIRD WARD,42.65795,-73.75092,Entire home/apt,101,4,16,2024-02-29,0.74,1,268,10,
658160753231817095,Lovely artist 1 bedroom apartment close to LARK,30920241,Miri,,SIXTH WARD,42.65128,-73.7686,Entire home/apt,86,30,0,,,1,35,0,
658638185191740358,CHEERFULL 3 BEDROOM HOME WITH FREE PARKING.,466389096,Patrice,,FIRST WARD,42.6374547,-73.7716647,Entire home/apt,159,5,5,2023-09-22,0.23,2,217,2,
662132809952482192,Beautiful 4 bedroom house Large eat in kitchen,466389096,Patrice,,FIRST WARD,42.6378819,-73.7715269,Entire home/apt,150,7,1,2022-07-15,0.05,2,223,0,
667644674529935702,Pied-a-terre albany,439560254,Sean,,SIXTH WARD,42.65541380925019,-73.76367520540953,Entire home/apt,120,2,74,2024-05-05,3.43,1,70,42,
668608096674070882,The Rose Room at Historic Buel House,382970529,Thomas,,FOURTEENTH WARD,42.66758,-73.7992,Private room,75,1,100,2024-04-30,4.53,11,60,49,
668608486588067880,The Silk and Sun Room at Historic Jesse Buel House,382970529,Thomas,,FOURTEENTH WARD,42.66764,-73.79908,Private room,75,1,89,2024-05-04,4.03,11,60,44,
677623197606854496,**New Listing! Modern 2 bdrm Apt in Mansion Area!,203631769,Johnny,,SECOND WARD,42.64531,-73.75963,Entire home/apt,,2,28,2023-09-29,1.34,1,0,3,
677763754609430189,Peaceful 3 Bedroom in the Heart of Central Albany,471187792,Romel,,THIRTEENTH WARD,42.6694413,-73.79749410000001,Entire home/apt,141,1,56,2024-01-26,2.63,1,28,27,
681241051140825073,Tranquil Master Bedroom,376794541,Neha,,ELEVENTH WARD,42.66305,-73.77726,Private room,49,15,7,2024-03-31,0.52,3,142,6,
681264183196450583,"Comfy private room in a Residential House, Albany",376794541,Neha,,ELEVENTH WARD,42.66286,-73.77817,Private room,47,10,13,2024-04-30,0.60,3,88,7,
681952268271889535,Albany-2 bedrooms apt (1st fl) A&A-Sisters Rental,461579260,Md,,SECOND WARD,42.646896,-73.757612,Entire home/apt,,1,3,2024-03-31,0.21,2,303,2,
682687626408133288,Lovely 4 bed 2 bath located near St Rose,232967878,Diana,,TENTH WARD,42.66172,-73.78497,Entire home/apt,179,1,92,2024-04-21,4.31,22,60,55,
684100173908872919,Cozy 1BR with Patio in the Heart of Albany,1176120,Julia,,THIRD WARD,42.65732,-73.75676,Entire home/apt,99,1,84,2024-04-21,3.93,3,75,43,
685516018052013053,Lovely Unit with Free Parking on Premises,392074908,Jerry,,SEVENTH WARD,42.64759,-73.77049,Entire home/apt,,2,5,2023-08-27,0.24,4,364,2,
687496906843024117,Albany-3 bedrooms apt (2nd fl) A&A-Sisters Rental,461579260,Md,,SECOND WARD,42.64621,-73.75723,Entire home/apt,,1,4,2023-05-28,0.21,2,247,1,
688355255688353452,Albany-3 bedrooms apt (3rd fl) A&A-Sisters Rental,474123093,Lipa,,SECOND WARD,42.646896,-73.757612,Entire home/apt,,1,14,2024-04-28,0.66,1,357,5,
689719338468663432,"Elegant, spacious studio apt in historic mansion",1717342,David,,SIXTH WARD,42.654057650371506,-73.76071299629517,Entire home/apt,101,1,162,2024-04-16,7.75,2,207,106,
692807914756117019,Relax in Style by Washington Park - Free Parking,67337944,Rabia,,ELEVENTH WARD,42.6623,-73.777,Entire home/apt,125,1,79,2024-04-27,4.79,1,299,59,
695129027343234397,Cozy 1-bedroom bungalow with office,130759460,Kelsey,,EIGHTH WARD,42.64971,-73.80079,Entire home/apt,,4,7,2023-08-26,0.38,1,0,3,
699073700185633508,Luxurious 2 bedroom 2 bathroom. Private parking.,476189412,Timothy,,SECOND WARD,42.6468502,-73.7587258,Entire home/apt,299,30,5,2023-05-14,0.26,2,158,1,
703551649845095095,Cozy Albany Home,3650672,Zuhair,,THIRTEENTH WARD,42.67075411373406,-73.79704357078917,Entire home/apt,253,2,0,,,1,365,0,
705660262559003663,Luxurious one bedroom with off-street parking,353498132,Michael,,SECOND WARD,42.64577,-73.7583,Entire home/apt,99,13,4,2024-04-02,0.24,5,260,2,
708040907580174096,"Hilts & Kinfolks, LLC - Albany Private Room 2",478008190,Edward,,FOURTEENTH WARD,42.66008,-73.79816,Private room,27,30,4,2023-08-16,0.24,3,283,3,
708060437684762754,"Hilts & Kinfolks, LLC - Albany, Private Room 3",478008190,Edward,,FOURTEENTH WARD,42.659297007542705,-73.79720147699118,Private room,27,30,2,2023-05-23,0.11,3,312,1,
708067736362606372,"Hilts & Kinfolks, LLC - Albany Private Room 1",478008190,Edward,,FOURTEENTH WARD,42.65935889426801,-73.7972692027688,Private room,26,30,5,2024-04-12,0.28,3,278,2,
712542707120872702,"Downtown Historic 3 Bedroom, private parking",476189412,Timothy,,SECOND WARD,42.6468502,-73.7587258,Entire home/apt,299,30,7,2023-10-01,0.36,2,185,3,
717373135846408345,Centrally located 2 bed w/ off street parking,232967878,Diana,,THIRTEENTH WARD,42.6732,-73.79199,Entire home/apt,136,2,34,2024-04-21,1.83,22,84,19,
723956857052424266,"Modern home, King Bed 4 bed 2bath, Crib, parking",10279606,Nori,,NINTH WARD,42.65691,-73.78389,Entire home/apt,198,1,137,2024-04-25,7.65,2,182,98,
724566770267420045,Cozy Greenwood Flat (1 BDR Apartment in Albany),360287870,Mela,,SIXTH WARD,42.6513719,-73.7673156,Entire home/apt,113,2,29,2024-05-05,3.52,1,49,29,
733964865705013296,Historic 1 bed/ 1 bath,502037254,Andrew,,SIXTH WARD,42.65035,-73.76549,Entire home/apt,68,14,1,2023-03-26,0.07,2,272,0,
735879623743921266,Modern & Homey 1BD/1BA Fl 1 Apt @ Downtown Albany,44434571,Earl,,THIRD WARD,42.64564,-73.75261,Entire home/apt,89,1,44,2024-04-28,2.38,7,348,33,
736122518072082645,Albany Apartment w/ Deck - Walk to Capitol!,121680792,Evolve,,SIXTH WARD,42.65245,-73.76294,Entire home/apt,221,2,8,2023-07-09,0.43,4,266,1,
736893992132754814,Lovely private room in center square for $700/mo,77367219,Elizabeth,,SIXTH WARD,42.65643,-73.76402,Private room,,30,2,2022-11-28,0.11,1,299,0,
737574278276037589,4 bed all on one floor,232967878,Diana,,TENTH WARD,42.66069,-73.78555,Entire home/apt,185,1,34,2024-04-16,1.89,22,52,24,
739722503092755616,Adirondack Suite #1,98744672,Bela,,NINTH WARD,42.6543178,-73.7818222,Private room,45,2,23,2024-03-31,1.24,8,269,16,
742946641797303970,"Cozy ground floor near governor’s mansion, L Park",479114612,Anilexa,,SECOND WARD,42.64469,-73.761,Entire home/apt,75,3,4,2024-04-17,0.23,1,348,3,
743600140734706394,Cozy apartment 2min walk to Albanymed office space,484673863,Blossom Estates,,NINTH WARD,42.65569,-73.77685,Entire home/apt,105,2,5,2024-02-27,0.30,2,292,1,
744430701454304507,"1 Bedroom on Lincoln Park, near Lark and Downtown",65414985,James,,SEVENTH WARD,42.6496,-73.76792,Entire home/apt,81,2,9,2023-12-30,0.69,2,300,7,
750748704706045644,Clean Escape- Centrally located- Self Check-In,255839958,Kira,,SEVENTH WARD,42.64284,-73.77997,Entire home/apt,131,1,15,2024-05-04,0.85,1,292,9,
751421033442627559,Modern- Cozy Center City 2 Bedroom Apartment Style,486073806,Keneisha,,FIFTH WARD,42.66648,-73.76831,Entire home/apt,95,2,16,2024-04-21,1.08,1,356,10,
752118894541630543,Cozy luxury brownstone w/ parking & yard,258664571,Vorakij,,SECOND WARD,42.64439384900326,-73.75975701534425,Entire home/apt,134,2,45,2024-05-04,3.10,2,320,41,
752337379205662422,Penthouse Brownstone w/ luxury amenities,258664571,Vorakij,,SECOND WARD,42.6444412,-73.75971410000001,Entire home/apt,120,1,34,2024-04-27,2.64,2,342,31,
756752556396798800,Private Room in the Center of the Albany,69729286,Musab,,SIXTH WARD,42.65259,-73.76732,Private room,50,5,15,2024-03-23,0.91,2,126,9,
757342235277207834,Elegant Studio in Center Square,188679144,Elizabeth,,SIXTH WARD,42.65534,-73.76461,Entire home/apt,70,7,12,2024-04-26,0.68,8,287,8,
757978037279611051,Charming location near universities & hospital,232967878,Diana,,THIRTEENTH WARD,42.67348,-73.7934,Entire home/apt,128,2,27,2024-03-31,1.85,22,85,21,
761141715827746314,"Great place in the heart of Albany, with Parking",37769478,Erion,,SIXTH WARD,42.65405,-73.76953,Entire home/apt,95,1,29,2024-04-26,1.72,9,355,17,
764508866835218670,Rest+Restore Room • Short & Extended Stay •,6203319,Melissa,,TENTH WARD,42.66117,-73.79091,Private room,75,1,10,2024-04-28,0.57,3,89,9,
774701102203414342,Entire cozy unit in Albany,261036923,Hasan,,FOURTEENTH WARD,42.6601,-73.80719,Entire home/apt,70,1,41,2024-04-26,2.50,1,226,27,
775645647912379518,"Casa Coquette+Near VA Hosp, MVP Arena & Law School",115597810,Massi,,SIXTH WARD,42.6518469,-73.7642072,Entire home/apt,109,2,31,2024-05-03,1.88,1,313,22,
777068997424722137,Cozy Private Hideaway,442094566,Queen,,THIRD WARD,42.65725,-73.75065,Entire home/apt,126,1,51,2024-04-21,3.11,1,359,42,
782849454465952994,Quiet Apt near the Empire State Plaza,491607190,Abba,,SIXTH WARD,42.65183,-73.76594,Entire home/apt,110,1,14,2024-05-05,0.86,3,22,10,
784781397995494758,Private bedroom and private bath w/separate entry,491907850,Donna,,FOURTEENTH WARD,42.66298,-73.81361,Private room,55,1,11,2023-10-20,0.74,1,83,6,
786181179052991690,Center Square Gem: Junior 1 Bedroom,188679144,Elizabeth,,THIRD WARD,42.65653,-73.76223,Entire home/apt,,1,3,2024-01-27,0.33,8,364,3,
786196811078165173,Mansion in Albany 7minutes to Downtown Albany,444163492,Drasana,,FOURTH WARD,42.67996,-73.75352,Entire home/apt,309,30,13,2024-02-25,0.89,1,71,11,
786228331433922432,Glamorous 1BR Retreat in Center Square,188679144,Elizabeth,,SIXTH WARD,42.65322,-73.76249,Entire home/apt,,2,3,2024-02-18,0.41,8,354,3,
786316043239579100,Elegant newly renovated cozy smart apartment,253824490,Tomar & Kash,,FIFTH WARD,42.6591503133547,-73.75431932508945,Entire home/apt,100,2,31,2023-12-13,2.03,1,148,22,
787023821243442039,*The Allen House* Gorgeous Apt - Sleeps 8,349460842,Scott,,FOURTEENTH WARD,42.6653,-73.7943,Entire home/apt,208,1,56,2024-04-21,3.86,5,339,55,
788301415655396660,Spacious 2 bed w/parking,232967878,Diana,,SECOND WARD,42.64324,-73.75732,Entire home/apt,150,1,42,2024-03-31,2.56,22,79,31,
793223286704705121,Cozy & Boho One Bed Apartment,462767507,Joshua,,SIXTH WARD,42.65489,-73.77061,Entire home/apt,88,3,11,2023-12-02,0.73,4,355,8,
794723189688979530,Updated 3/1 unit for Professionals and Families,20144241,Carla,,FIFTH WARD,42.67283,-73.77367,Entire home/apt,104,3,6,2023-11-21,0.52,1,326,6,
795541666227926706,Victorian Mansion on Washington Park,493882819,Terra,,NINTH WARD,42.656329,-73.7752048,Private room,779,1,1,2023-08-13,0.11,6,298,1,
796231143904004713,Washington Park Inn - Room 4,493882819,Terra,,NINTH WARD,42.65582,-73.77541,Private room,136,1,8,2024-03-25,0.83,6,207,8,
797455132224782470,Albany Medical/colleges/Downtown Albany/Green ROOM,89705052,Share,,TENTH WARD,42.65741,-73.78034,Private room,55,2,11,2024-04-03,0.71,3,9,10,
798715218269100922,Cozy 1st Floor Apartment near the NYS Museum,491607190,Abba,,SIXTH WARD,42.65038,-73.76664,Entire home/apt,,1,7,2023-12-23,0.46,3,0,4,
802216634798169031,Washington Park Inn - Room 6,493882819,Terra,,SIXTH WARD,42.65751,-73.77409,Private room,136,1,5,2024-02-10,0.55,6,203,5,
803604897479679272,3br/2ba Near Alb Med & St.Petes.,21886921,David,,FOURTEENTH WARD,42.66691,-73.79338,Entire home/apt,125,14,1,2023-06-20,0.09,2,273,1,
803682039097862541,Modern and Cozy Pine Hills Home from Early 1900s,265709295,Richard & Priscela,,THIRTEENTH WARD,42.6702921,-73.7907283,Entire home/apt,190,1,4,2024-04-21,2.73,2,342,4,
803814397190632412,Washington Park Inn - Room 5,493882819,Terra,,NINTH WARD,42.656329,-73.775205,Private room,136,1,3,2023-08-27,0.31,6,196,3,
803867986023966300,Washington Park Inn - Room 1,493882819,Terra,,NINTH WARD,42.656329,-73.775205,Private room,136,1,6,2024-03-17,0.61,6,206,6,
806767523952124375,& Modern Luxury Cottage in Central ALB,110453341,Alexis,,FIFTH WARD,42.6684126,-73.7684199,Entire home/apt,103,1,20,2024-04-02,1.29,1,285,12,
812481224035365997,Adorable Albany Apartment!,266096073,Caroline,,THIRTEENTH WARD,42.67239,-73.79418,Entire home/apt,85,3,31,2023-12-29,2.09,1,42,24,
813640070361665090,The front room w/ TV and king size bed,116935236,Fs,,THIRTEENTH WARD,42.67143614564987,-73.79032550419785,Private room,50,2,10,2023-12-31,1.08,4,263,10,
816085193659797849,Cozy Apartment across the Park,37769478,Erion,,SIXTH WARD,42.65258,-73.76917,Entire home/apt,80,1,30,2024-04-09,1.98,9,186,24,
821566342267452838,COMFY Room/w Private BATH + TV,177073982,Cristian,,FOURTEENTH WARD,42.66109,-73.80479,Private room,55,2,3,2023-11-30,0.21,2,125,1,
823275570359807298,Cozy Home 5 Minute Drive to Albany Med Hospital,500360485,Manjano,,SIXTH WARD,42.65184046237008,-73.77073690770652,Entire home/apt,,2,0,,,1,0,0,
826301775871257033,2 br apt 2 min walk to albanymed offstreet parking,484673863,Blossom Estates,,NINTH WARD,42.65613,-73.77469,Entire home/apt,205,1,17,2024-01-28,1.15,2,259,11,
831122937768017113,Boho-Chic Cape Conveniently Located,210596861,Craig,,FIFTEENTH WARD,42.67076,-73.82612,Entire home/apt,228,2,59,2024-04-23,4.19,1,212,51,
841524382518312215,Mellow Cove,462042479,Natasha,,SIXTH WARD,42.66007584297136,-73.76976949435519,Entire home/apt,120,3,4,2024-04-02,0.49,2,359,4,
841524433909352403,Cozy Cove Away From Home,462042479,Natasha,,SIXTH WARD,42.65987,-73.77025,Entire home/apt,,3,12,2023-12-03,1.15,2,298,12,
843481456379840308,Center Square Serenity: 2-Bedroom Elegance,188679144,Elizabeth,,SIXTH WARD,42.65482755409687,-73.76352686901035,Entire home/apt,,1,2,2023-09-04,0.15,8,339,1,
845960193409947556,Modern Cottage-Perfect for Groups!,268741708,Antoinette,,FIRST WARD,42.63504,-73.79833,Entire home/apt,386,2,62,2024-04-27,4.55,1,93,58,
846586211673806912,Spacious Home Away from Home!,49372011,Phil,,TWELFTH WARD,42.67336,-73.78619,Entire home/apt,175,3,12,2024-02-02,0.93,2,336,9,
849460179246794510,Your luxury home away from home,1761578,Grant,,SIXTH WARD,42.65432,-73.76531,Entire home/apt,,2,1,2024-02-18,0.38,3,262,1,
850173470105833039,Stunning Guest Suite in Historic 1874 Row House,120815848,Phat,,SECOND WARD,42.6446,-73.75885,Private room,95,1,82,2024-05-04,6.21,1,316,74,
850653820133738660,"Private queen bedroom near hospitals, schools",20536619,Emily,,THIRTEENTH WARD,42.67177,-73.79464,Private room,80,4,6,2024-03-17,0.64,3,119,6,
855336679720071303,Eclectic diverse pets fenced yard,186074828,Blake,,SECOND WARD,42.6457663,-73.7586141,Entire home/apt,85,1,34,2024-05-05,2.59,1,81,32,
857981934159027424,Updated Historic Brownstone Apt.,60293220,David,,THIRD WARD,42.65817,-73.74935,Entire home/apt,93,3,12,2024-03-26,1.03,3,311,12,
870292500281763717,A Charming  Quiet Unit in a Two-Family House,510191554,He,,FOURTEENTH WARD,42.66947,-73.81607,Entire home/apt,79,1,48,2023-12-17,3.75,1,25,43,
870457209918967324,Quiet Room Near Everything,177073982,Cristian,,FOURTEENTH WARD,42.66128,-73.80548,Private room,55,3,4,2024-03-02,0.55,2,125,4,
879054943124868639,Hot tub + close to everything!,24423279,Leslie,,FOURTEENTH WARD,42.66065,-73.80439,Private room,169,7,0,,,1,263,0,
880290989870286099,Spacious 3BR with 2BA & Laundry,49372011,Phil,,ELEVENTH WARD,42.67355,-73.78496,Entire home/apt,175,2,19,2024-01-26,1.59,2,175,19,
881231954286264195,Exposed Brick with Park Views,37769478,Erion,,SIXTH WARD,42.65379,-73.76901,Entire home/apt,89,1,8,2023-06-13,0.65,9,278,6,
882229561343619620,Modern / Downtown Albany 1 BR APT,512736975,Miguelino,,TENTH WARD,42.6599733,-73.7747433,Entire home/apt,79,2,41,2024-05-05,3.46,1,152,41,
887167811237271928,The Comfort II,459472925,Gabriel,,THIRD WARD,42.66246,-73.76576,Private room,45,1,17,2024-04-16,1.52,2,364,17,
887179061681202083,The Comfort,459472925,Gabriel,,THIRD WARD,42.6628771,-73.76534029999999,Private room,45,1,13,2024-03-07,1.10,2,347,13,
888859204851381094,Downtown Albany Apartment: Walkable Location!,121680792,Evolve,,THIRD WARD,42.6573,-73.7521,Entire home/apt,101,2,9,2024-03-31,0.77,4,351,9,
897797666103863249,2 Bedroom in quiet neighborhood,37769478,Erion,,TENTH WARD,42.66215778253739,-73.79234533756971,Entire home/apt,100,1,18,2024-04-21,1.67,9,357,18,
898743867240851780,"Airy 5Br-2Ba, Kids Rm, 6TVs, Pvt yard & Parking!",516414095,Rashawn,,TENTH WARD,42.66087,-73.78655,Entire home/apt,181,2,35,2024-04-21,3.25,1,145,35,
902166216060824525,2 bdrm Modern & Hip Apt w/ Patio,47625981,Linda,,SEVENTH WARD,42.64787,-73.76707,Entire home/apt,155,1,31,2024-04-16,2.88,15,226,31,
902326803627859755,*The LEO Home* Private Bedrooms,349460842,Scott,,TENTH WARD,42.66174,-73.78325,Private room,63,89,0,,,5,261,0,
904392960639597224,/Luxury Modern Western Hideout\,4259750,Peter,,THIRTEENTH WARD,42.6652959,-73.7868778,Entire home/apt,207,2,14,2024-04-20,1.27,9,128,14,
905007131419044966,*The Red House* 4 Bedrooms•Just Renovated/Listed,349460842,Scott,,TENTH WARD,42.66217,-73.78299,Entire home/apt,182,1,27,2024-04-21,2.72,5,346,27,
910155617642317638,Exclusive | Suite ~ Extended Stay,6203319,Melissa,,TENTH WARD,42.66292,-73.7909,Private room,,1,1,2023-07-26,0.10,3,0,1,
917510613914219375,"R&R | Hospitals, Colleges + Politics",6203319,Melissa,,TENTH WARD,42.66261,-73.79158,Private room,72,1,7,2023-12-03,0.69,3,123,7,
917639722733180899,Everything you need! Modern Gem on New Scotland,471810429,Maria,,SEVENTH WARD,42.651937304486545,-73.78593011701557,Entire home/apt,170,2,83,2024-04-19,7.81,1,318,83,
919055506310955442,Room for rent,502751555,Grace,,FIFTH WARD,42.67292,-73.7776,Private room,93,1,0,,,1,364,0,
919729008458872053,1Private room1B nearly AlbMed& St.Peter's Hospital,382446799,Elizabeth,,NINTH WARD,42.6559529,-73.7807478,Private room,33,1,7,2024-04-02,0.78,3,315,7,
921076441920995839,Work hard! Play hard!,521669673,Kody,,THIRD WARD,42.6586,-73.75743,Entire home/apt,80,14,2,2023-09-07,0.22,4,173,2,
922634062451094710,Charming 2 bdrm Apt- Home Away from Home,260986425,Connie,,NINTH WARD,42.65483722729842,-73.79149618599958,Entire home/apt,,3,2,2024-03-18,0.22,1,0,2,
924826301876268684,1Private Room2B nearlyAlbMed & St.Peter's Hospital,382446799,Elizabeth,,NINTH WARD,42.654965911269095,-73.78021704609974,Private room,44,1,7,2024-02-26,0.70,3,333,7,
928948908785846870,Newly Renovated Gem in Melrose - Pet Friendly,441054845,Thaddeus,,THIRTEENTH WARD,42.67066076442359,-73.79571205018514,Entire home/apt,91,1,28,2024-05-04,2.97,1,207,28,
932618854176539492,Cozy space all on 1 floor close to U Albany,232967878,Diana,,THIRTEENTH WARD,42.672943350526445,-73.79225342780366,Entire home/apt,125,1,11,2024-04-21,1.11,22,358,11,
932642358896439621,Stylish top floor apt w/parking,232967878,Diana,,THIRTEENTH WARD,42.67132410762948,-73.79247186675903,Entire home/apt,150,1,15,2024-04-20,1.56,22,358,15,
934035097653060273,7,493882819,Terra,,SIXTH WARD,42.656549255922755,-73.77433674199318,Private room,136,1,5,2024-03-25,0.52,6,212,5,
934744844940967492,Downtown Albany Apartment: Walk to Capitol!,456511812,Evolve,,SIXTH WARD,42.65506,-73.76401,Entire home/apt,96,2,1,2024-04-22,1,1,357,1,
937837897631191844,Hudson 2 at The Argus Hotel,526358730,Argus,,SIXTH WARD,42.658672199777634,-73.77478693204898,Private room,184,1,2,2023-12-31,0.24,12,218,2,
937838302933205871,Hudson 1 at The Argus Hotel,526358730,Argus,,ELEVENTH WARD,42.6606,-73.77284,Private room,184,1,4,2024-01-04,0.57,12,218,4,
937917144482762419,Hudson 3 ADA at The Argus Hotel,526358730,Argus,,TENTH WARD,42.659082586070085,-73.77455698333637,Private room,184,1,4,2023-10-24,0.45,12,225,4,
937927979762952955,Hudson 4 at The Argus Hotel,526358730,Argus,,TENTH WARD,42.66043,-73.77432,Private room,184,1,0,,,12,208,0,
937935210290408974,Hudson 5 at The Argus Hotel,526358730,Argus,,SIXTH WARD,42.65846944486231,-73.77272373106814,Private room,184,1,2,2024-04-07,0.30,12,221,2,
937943638262956751,Whalen Suite at The Argus Hotel,526358730,Argus,,SIXTH WARD,42.65908020134226,-73.77325860057209,Private room,207,1,1,2023-12-27,0.23,12,221,1,
937959604296602771,Whalen Deluxe at The Argus Hotel,526358730,Argus,,TENTH WARD,42.66003431746541,-73.77320091698593,Private room,,1,0,,,12,209,0,
937966967490420635,Whalen 3 at The Argus Hotel,526358730,Argus,,SIXTH WARD,42.658565440198664,-73.77439829468118,Private room,,1,0,,,12,228,0,
938260134617291567,Whalen 4 at The Argus Hotel,526358730,Argus,,SIXTH WARD,42.658926587547136,-73.77448006832087,Private room,,1,0,,,12,216,0,
938266199766701429,Knickerbocker 1 The Argus Hotel,526358730,Argus,,TENTH WARD,42.660367202946986,-73.77326955672677,Private room,201,1,0,,,12,220,0,
938271786418327576,Knickerbocker 3 The Argus Hotel,526358730,Argus,,SIXTH WARD,42.65868261789235,-73.77332643473149,Private room,,1,0,,,12,223,0,
938280419686165005,Carriage House The Argus Hotel,526358730,Argus,,TENTH WARD,42.660362531234114,-73.77290224418863,Entire home/apt,364,1,6,2024-02-25,0.66,12,211,6,
938421117122010799,"The backroom with TV, Queen bed and extra futon",116935236,Fs,,ELEVENTH WARD,42.6708367,-73.7853116,Private room,50,2,12,2024-02-27,1.26,4,360,12,
938431811499141903,The little room with TV and twin bed,116935236,Fs,,THIRTEENTH WARD,42.669735657513975,-73.78610658197474,Private room,40,2,17,2024-05-01,1.76,4,265,17,
938475906652462790,Colorful and eclectic apartment,132766782,Kelly,,TWELFTH WARD,42.673982043290124,-73.7912638431355,Entire home/apt,110,3,1,2024-04-20,1,1,224,1,
942750363293463100,The spacious room w/ dresser/desk,116935236,Fs,,ELEVENTH WARD,42.67033901962889,-73.78509801171585,Private room,50,2,7,2024-05-03,1.84,4,259,7,
950211425725610511,"Historic, Spacious Mansion Suite",1717342,David,,SIXTH WARD,42.6541815,-73.76086049999999,Entire home/apt,126,1,71,2024-04-29,8.13,2,219,71,
950613505102507073,A beautiful cozy home,529844022,Shirin,,FIRST WARD,42.63855425549474,-73.76927029173929,Entire home/apt,,1,0,,,1,0,0,
956423465030072969,Comfy 1-Br Near Washington Park,491607190,Abba,,TENTH WARD,42.66000843071908,-73.77397295619353,Entire home/apt,105,1,15,2024-05-05,1.72,3,26,15,
957914480227791276,"2 bedroom+home office, private parking & backyard",217254883,Ermenita,,NINTH WARD,42.6549886,-73.79390939999999,Entire home/apt,132,1,52,2024-05-04,5.95,1,270,52,
958199983873241221,Oasis Garden Apt w/Queen Bed,172539578,David Yisrael,,FIFTEENTH WARD,42.678962799458816,-73.81724461913109,Entire home/apt,118,3,2,2024-04-30,0.36,2,120,2,
963920695464462572,Comfy studio in heart of Albany,189586864,Justin,,SIXTH WARD,42.65240863051438,-73.77002141071337,Entire home/apt,89,1,30,2024-04-28,3.57,1,279,30,
966287799980701967,"Modern 2-bed Apt / Hospitals, SUNY, State Office",374765317,Tanjin,,FIFTEENTH WARD,42.67059398561849,-73.81678288145305,Entire home/apt,104,3,6,2024-03-07,0.80,1,147,6,
969886763377526954,"1st Floor Room in grand manor with hot tub, coffee",382970529,Thomas,,FOURTEENTH WARD,42.66877,-73.79927,Private room,65,1,3,2024-04-16,0.48,11,252,3,
980034348801186320,Chic Madison Parkview,241123402,JShing,,SIXTH WARD,42.65312775001394,-73.76950465142727,Entire home/apt,125,1,9,2024-05-04,1.30,1,344,9,
980413726629488708,Intimate and Cozy Family House,536994984,Deanna,,SEVENTH WARD,42.652463321813265,-73.77498766972566,Entire home/apt,,1,0,,,1,270,0,
983306819910081094,The House That Pat Built,114183978,Tyrell,,FIFTH WARD,42.66627900500492,-73.76511947562057,Entire home/apt,,2,4,2024-04-18,0.61,1,163,4,
983307301778877403,The Rizzy Stay,426223840,Antonio,,ELEVENTH WARD,42.66391565517209,-73.77786945551634,Entire home/apt,107,1,22,2024-04-16,2.91,2,225,22,
989010058281318863,Modern 1BR in a great location,75667477,Ahmad,,SIXTH WARD,42.65411,-73.76129,Entire home/apt,85,30,2,2023-11-07,0.28,1,88,2,
989897095065962672,Minutes from hospitals and Universities,109133858,Priscilla,,THIRTEENTH WARD,42.671599252081194,-73.79798656710622,Entire home/apt,218,1,1,2024-02-18,0.38,1,235,1,
990935487146379699,Garden level apartment | Center Sq-great location!,93905065,Grace,,SIXTH WARD,42.652599240074956,-73.761780139996,Entire home/apt,83,1,12,2024-04-16,3.43,1,174,12,
992119832780871644,Two bedroom close to colleges!,152762198,Allen,,FOURTEENTH WARD,42.6709773627501,-73.80695225761066,Entire home/apt,103,3,10,2024-05-03,1.41,9,174,10,
993431459821117738,Albany 3 Bedroom Apt. Sleeps 6,309980121,Ron,,SIXTH WARD,42.65623,-73.7641152,Entire home/apt,110,2,12,2024-02-29,1.75,1,5,12,
999161887055542119,"Spacious Apartment Downtown Albany, NY",531209536,Amar,,THIRD WARD,42.65761589542138,-73.75115885472674,Entire home/apt,156,1,10,2024-04-16,1.49,1,309,10,
1004978540001566331,Elegant Albany Retreat | Mins to Downtwn & St Rose,31318080,Cindy,,EIGHTH WARD,42.655497775508394,-73.8106566601018,Entire home/apt,196,2,5,2024-04-22,1.88,1,136,5,
1005314747552182329,Lil' Studio on Washington Park,462767507,Joshua,,SIXTH WARD,42.65483900711961,-73.7674333870007,Entire home/apt,73,1,14,2024-04-22,2.12,4,326,14,
1005978346817864540,Massive 4BD/3BA 2-Fl Townhouse Apt Downtown Albany,44434571,Earl,,SECOND WARD,42.64534889999999,-73.75364650000002,Entire home/apt,199,1,15,2024-04-28,2.36,7,349,15,
1007354086435981132,Top floor w/off street parking,232967878,Diana,,TENTH WARD,42.661365504548,-73.78482319521697,Entire home/apt,189,1,15,2024-04-21,2.45,22,265,15,
1010759793485911351,Cozy room in ideally located manor with hot tub,382970529,Thomas,,THIRTEENTH WARD,42.67002775509383,-73.7977054151877,Private room,60,1,20,2024-04-27,3.23,11,266,20,
1010759799610182054,Cozy Room in grand home with hot tub and coffee!,382970529,Thomas,,THIRTEENTH WARD,42.6697096084112,-73.797549986088,Private room,60,1,24,2024-05-04,3.91,11,173,24,
1013659440189111738,Cozy Room centrally located with hot tub,382970529,Thomas,,FOURTEENTH WARD,42.66873116573401,-73.79930289371134,Private room,65,1,14,2024-05-04,2.30,11,69,14,
1014871544925070480,Mini Mansion,509662927,Sergio,,EIGHTH WARD,42.645494388571485,-73.83282736350908,Entire home/apt,411,1,23,2024-04-16,3.90,1,266,23,
1015385216942267174,纽约州首府的温馨小屋,182509542,Yan,,NINTH WARD,42.6558992,-73.7965699,Private room,24,1,0,,,1,77,0,
1016050146219474145,Heart of Albany - Downtown Near Everything,42708277,Rodney,,SIXTH WARD,42.65538680270734,-73.76416369206528,Entire home/apt,100,1,11,2024-03-24,1.79,2,232,11,
1018299533220989494,Cozy room in perfect spot with Hot Tub and Coffee,382970529,Thomas,,THIRTEENTH WARD,42.66996089870569,-73.7981565369516,Private room,65,1,30,2024-04-30,5.08,11,255,30,
1018972187574908115,1 Comfy Bedroom Across the Park,37769478,Erion,,SIXTH WARD,42.6535,-73.77046,Entire home/apt,73,1,19,2024-05-04,3.35,9,355,19,
1020518500251473070,Downtown Studio,233515764,Etem,,SECOND WARD,42.64713879857583,-73.7546608201248,Entire home/apt,69,1,32,2024-05-01,6.32,3,48,32,
1020993107237604444,*N E W* Spacious Prime DT 1 Bedroom Apt w Office,47625981,Linda,,THIRD WARD,42.65859808957202,-73.76420635863742,Entire home/apt,120,1,1,2023-11-26,0.18,15,262,1,
1021011347006185640,*N E W* Modern 1 Bedroom RARE Apt w office space,47625981,Linda,,THIRD WARD,42.65970700274541,-73.76382104785372,Entire home/apt,119,1,6,2024-02-25,1.15,15,234,6,
1023053182224590019,Great home in Albany,496990578,Brian,,ELEVENTH WARD,42.66838,-73.77868,Entire home/apt,108,2,22,2024-04-29,4.23,1,36,22,
1028530521404077289,The Emerald Escape | Two Bed Apartment,462767507,Joshua,,SIXTH WARD,42.65487397780481,-73.76519868723663,Entire home/apt,96,3,9,2024-04-27,1.64,4,141,9,
1031769383031951534,Apartment near downtown Albany,542010451,Sophia,,THIRD WARD,42.65863677268644,-73.75184060852648,Entire home/apt,,30,0,,,1,87,0,
1034722814589239236,"*Huge, bright, private 2Bedroom*",130404008,Michael,,THIRD WARD,42.65710530235223,-73.75132909012916,Entire home/apt,,14,0,,,1,40,0,
1034818819017081948,"House w/ pond, gardens, sunroom and foosball",392833833,Mary,,TWELFTH WARD,42.6759553661711,-73.79260844002489,Entire home/apt,192,2,10,2024-04-26,2.00,1,128,10,
1040121861433023182,Good Vibes Only,519143007,Philip,,ELEVENTH WARD,42.6736802909505,-73.78413107868002,Entire home/apt,60,1,19,2024-05-04,4.04,1,155,19,
1040624808363695229,Safe - Sweet -Serene - Long Term,42708277,Rodney,,SIXTH WARD,42.65446887973431,-73.76077862456057,Entire home/apt,97,1,15,2024-04-19,3.54,2,225,15,
1041185569146627476,"Great Value for Groups!  5 Beds!  W/D, & Driveway!",65282034,Archer,,TENTH WARD,42.66106893179246,-73.78973060044702,Entire home/apt,133,2,7,2024-04-26,1.46,1,121,7,
1043565517982254841,2 bed room Apartment,212885959,Osas,,SECOND WARD,42.639757084309245,-73.75705214104126,Entire home/apt,110,1,9,2024-04-28,3.14,1,242,9,
1043698525924990350,Charming 1920s house sleeps 6-7,30218591,Rebecca,,FIFTEENTH WARD,42.6743202040481,-73.8155518362697,Entire home/apt,1750,2,0,,,1,143,0,
1051544181986274174,Renovated Cozy 1920’s Apartment,31994990,G.G.,,SEVENTH WARD,42.64478210549991,-73.7763956817521,Entire home/apt,,2,0,,,2,168,0,
1052381112116173923,Charming Bungalow in Albany!,52464523,Dashima,,FIRST WARD,42.640812878490195,-73.7746275334913,Entire home/apt,,3,3,2024-04-19,0.71,1,98,3,
1053892116573935214,Free WiFi! King size bed! Adjustable Queen bed!,552465537,Kemba,,NINTH WARD,42.659886051712505,-73.7920570376047,Entire home/apt,140,1,11,2024-05-04,5.32,1,321,11,
1056068682616336229,two private bedrooms near hospitals & schools,20536619,Emily,,THIRTEENTH WARD,42.671403853726794,-73.79431183637729,Private room,85,4,0,,,3,119,0,
1056469473906808728,"Bonjour, Bienvenue A Chez Pierre",553112010,Linda,,TWELFTH WARD,42.71489625673386,-73.87648858665645,Private room,103,2,0,,,1,268,0,
1057932481605319073,Apt,217818949,Nickolas,,FOURTH WARD,42.66311590202129,-73.7381032862318,Shared room,105,1,1,2024-02-05,0.33,1,269,1,
1061814091773376272,Massive 5BD/4BA 3-Story Duplex @ Downtown Albany,44434571,Earl,,SECOND WARD,42.64418,-73.75316,Entire home/apt,,1,3,2024-04-21,1.22,7,249,3,
1062527013885315764,private twin room prime location,20536619,Emily,,THIRTEENTH WARD,42.67096068386967,-73.79513938040748,Private room,64,6,2,2024-02-10,0.63,3,179,2,
1072781767409521866,The Bluebird’s Nest,426223840,Antonio,,ELEVENTH WARD,42.663915656143736,-73.77786945551634,Entire home/apt,144,1,16,2024-04-28,5.16,2,249,16,
1073179963201889958,In the heart of Albany,31994990,G.G.,,SEVENTH WARD,42.644728764618286,-73.77641182984108,Entire home/apt,53,30,0,,,2,353,0,
1075444056381274297,The Tangerine Door,542733174,Rebecca,,TWELFTH WARD,42.67908161690146,-73.79504903417528,Entire home/apt,130,2,6,2024-04-22,1.94,1,211,6,
1079742757364810916,Lark St Oasis: Parking & Laundry,119340359,Lori,,SIXTH WARD,42.65607073634355,-73.76345323405465,Entire home/apt,139,28,6,2024-03-10,2.28,2,23,6,
1090781013234004527,Newly renovated cozy apartment !,521669673,Kody,,THIRD WARD,42.65975214340023,-73.76311389302354,Entire home/apt,68,14,0,,,4,242,0,
1090800410444414860,Work hard and relax !,521669673,Kody,,THIRD WARD,42.65874240611128,-73.76302092791236,Entire home/apt,,14,0,,,4,172,0,
1091422934956081673,2 bed with parking off Madison,232967878,Diana,,TENTH WARD,42.65988161939321,-73.78485791400874,Entire home/apt,105,2,2,2024-04-07,1.43,22,58,2,
1091500387329731524,Triplex oasis w:parking near MVP,232967878,Diana,,SECOND WARD,42.64324059635594,-73.7580524316089,Entire home/apt,86,2,9,2024-04-21,3.97,22,65,9,
1097995825442731795,New Center square studio,232967878,Diana,,SIXTH WARD,42.65268876827562,-73.76567401908574,Entire home/apt,93,2,6,2024-04-22,3.10,22,77,6,
1100876731732967826,"Homey, Quiet 2BR W/ Washer Dryer",152762198,Allen,,FOURTEENTH WARD,42.67007960354571,-73.80691103355556,Entire home/apt,103,3,2,2024-05-02,2,9,136,2,
1102984130027939637,Lovely 1 bedroom across the Park,37769478,Erion,,SIXTH WARD,42.65288614402312,-73.7683428411729,Entire home/apt,77,1,7,2024-04-29,3.62,9,172,7,
1104977057298366617,"Safe, Affordable, Adorable w/ Hot Tub and Coffee",382970529,Thomas,,THIRTEENTH WARD,42.66943098938467,-73.79881962357733,Private room,61,1,19,2024-04-29,9.34,11,237,19,
1105303461851883481,Downtown Brownstone with a View!,14817455,Matt,,THIRD WARD,42.65749260692557,-73.7526296408543,Entire home/apt,140,7,0,,,1,268,0,
1111221935683053416,Historical Pastures,418250661,Stephanie,,THIRD WARD,42.6564469,-73.7507251,Entire home/apt,116,3,4,2024-04-21,2.67,1,267,4,
1119691401020641385,"Apartment in Albany Near MVP Arena - 1BR, Sleeps 4",472965048,Matt,,SIXTH WARD,42.65347718514305,-73.76369544370493,Entire home/apt,91,1,2,2024-04-19,2,2,168,2,
1119844407084108907,1 bed 1 bath Apartment,477328400,Tyler,,SEVENTH WARD,42.64885,-73.76523,Entire home/apt,105,1,1,2024-05-04,1,1,86,1,
1120212616553191970,"Cozy 1BR Near Empire Plaza, MVP Arena & DWTN",472965048,Matt,,SIXTH WARD,42.65194110353218,-73.76525909193178,Entire home/apt,92,1,5,2024-05-05,4.05,2,168,5,
1121699903906738345,Cozy apartment in Albany,1761578,Grant,,SIXTH WARD,42.6531440936598,-73.76545806949605,Entire home/apt,,2,2,2024-04-17,2,3,266,2,
1123231471304541808,"Modern home, King Bed, parking",10279606,Nori,,FIFTEENTH WARD,42.66901216746974,-73.8240233926159,Entire home/apt,149,1,3,2024-04-28,3,2,232,3,
1124558577325015506,Charming 1BR Near Capitol-Dwntwn,46312980,Robert,,SECOND WARD,42.646032,-73.760482,Entire home/apt,85,3,0,,,2,221,0,
1124632058968031818,Modern Duplex - Historical Home,46312980,Robert,,SECOND WARD,42.646032,-73.760482,Entire home/apt,110,3,1,2024-04-16,1,2,183,1,
1128332989288304495,Downtown Albany Vacation Rental - Chic & Walkable!,121680792,Evolve,,THIRD WARD,42.65783832009679,-73.75382158545102,Entire home/apt,107,2,0,,,4,343,0,
1128386510439836615,Welcome home travelers,502037254,Andrew,,SEVENTH WARD,42.64893022646089,-73.76885852839632,Entire home/apt,99,25,0,,,2,224,0,
1129005873707096339,Walk to Albany Med & Restaurants,30883612,Mary,,NINTH WARD,42.65445038036758,-73.78924225741243,Entire home/apt,125,30,0,,,2,269,0,
1130301511412271738,Cozy room in Albany near Hospitals,32379616,Fabiola,,TENTH WARD,42.6605357,-73.7831436,Private room,32,28,1,2024-04-25,1,1,228,1,
1134940445251354534,Calling all travelers,521669673,Kody,,THIRD WARD,42.659090282065264,-73.75690830709546,Entire home/apt,85,14,0,,,4,208,0,
1135812630237897119,Cozy Bedrooms in Albany,522436003,Adriana,,THIRTEENTH WARD,42.6689614,-73.7890379,Private room,40,7,0,,,2,22,0,
1138989607102299187,Funky space close to MVP center,232967878,Diana,,SECOND WARD,42.644787680128815,-73.75652665506556,Entire home/apt,110,2,0,,,22,49,0,
1141525488442370659,North Allen,522436003,Adriana,,THIRTEENTH WARD,42.6689614,-73.7890379,Private room,36,7,0,,,2,244,0,
1142832011692120213,Albany Urban Retreat,129023424,Riccardo,,THIRTEENTH WARD,42.67105172536278,-73.7995011425903,Entire home/apt,119,5,0,,,1,207,0,
1144339937914864849,Hidden Hideaway in the Hills,17578403,Richard,,NINTH WARD,42.66142664193264,-73.79214311511329,Private room,39,1,0,,,1,171,0,
1146241260871564965,Larson Green,233515764,Etem,,SIXTH WARD,42.6524924,-73.7674361,Entire home/apt,96,1,0,,,3,254,0,
1146352622413555849,491 Washington Ave FL1Rare,575030103,Rehan,,ELEVENTH WARD,42.66259,-73.7733,Private room,55,2,0,,,1,267,0,
1147092019793504034,Larson Blue,233515764,Etem,,SIXTH WARD,42.65273561519567,-73.76778699868483,Entire home/apt,95,1,1,2024-05-03,1,3,255,1,
1149284041899505359,1Private Room3,382446799,Elizabeth,,NINTH WARD,42.656010764620575,-73.78073170781136,Private room,25,1,0,,,3,322,0,
